[{"fields": {"model": "bookmark", "name": "bookmark", "app_label": "menu"}, "model": "contenttypes.contenttype", "pk": 1}, {"fields": {"model": "dashboardpreferences", "name": "dashboard preferences", "app_label": "dashboard"}, "model": "contenttypes.contenttype", "pk": 2}, {"fields": {"model": "logentry", "name": "log entry", "app_label": "admin"}, "model": "contenttypes.contenttype", "pk": 3}, {"fields": {"model": "permission", "name": "permission", "app_label": "auth"}, "model": "contenttypes.contenttype", "pk": 4}, {"fields": {"model": "group", "name": "group", "app_label": "auth"}, "model": "contenttypes.contenttype", "pk": 5}, {"fields": {"model": "user", "name": "user", "app_label": "auth"}, "model": "contenttypes.contenttype", "pk": 6}, {"fields": {"model": "contenttype", "name": "content type", "app_label": "contenttypes"}, "model": "contenttypes.contenttype", "pk": 7}, {"fields": {"model": "session", "name": "session", "app_label": "sessions"}, "model": "contenttypes.contenttype", "pk": 8}, {"fields": {"model": "department", "name": "department", "app_label": "dept"}, "model": "contenttypes.contenttype", "pk": 9}, {"fields": {"model": "employee", "name": "employee", "app_label": "dept"}, "model": "contenttypes.contenttype", "pk": 10}, {"fields": {"model": "partsrequest", "name": "General Parts Request", "app_label": "partsrequest"}, "model": "contenttypes.contenttype", "pk": 11}, {"fields": {"model": "requestdetail", "name": "request detail", "app_label": "partsrequest"}, "model": "contenttypes.contenttype", "pk": 12}, {"fields": {"model": "partsrecycle", "name": "Parts Recycle", "app_label": "partsrecycle"}, "model": "contenttypes.contenttype", "pk": 13}, {"fields": {"expire_date": "2014-09-11T01:44:52.936Z", "session_data": "NTg2ZWJlZmU2ODBlOGQyMjUwZmIzODNhNzM2ZTBlZDJhYzY3MjcwMzp7Il9hdXRoX3VzZXJfYmFja2VuZCI6ImRqYW5nby5jb250cmliLmF1dGguYmFja2VuZHMuTW9kZWxCYWNrZW5kIiwiX2F1dGhfdXNlcl9pZCI6OX0="}, "model": "sessions.session", "pk": "3qx936y99iw88q83ntxp1050l0e8d0at"}, {"fields": {"expire_date": "2014-09-11T06:32:03.905Z", "session_data": "NzZmOGIwYWMzYWFjNmE1NGMzOTAyZmI1YTQ1M2VmNmQwYzljNmIxNzp7Il9hdXRoX3VzZXJfYmFja2VuZCI6ImRqYW5nby5jb250cmliLmF1dGguYmFja2VuZHMuTW9kZWxCYWNrZW5kIiwiX2F1dGhfdXNlcl9pZCI6Mn0="}, "model": "sessions.session", "pk": "4n5d9som7z050cxxx0vh00mg5tqnj5kd"}, {"fields": {"expire_date": "2014-09-25T06:51:33.081Z", "session_data": "YjYxMzkyN2ExZTZiOThlYzI5NWViZmFkMDA1M2MyMGQxN2ExZTVjNDp7Il9hdXRoX3VzZXJfaGFzaCI6IjgzNThjZjA1OGI1OTc3MTEwZDIwNGE1MTY0ODNmMjg3NDk3MWJkNWUiLCJfYXV0aF91c2VyX2JhY2tlbmQiOiJkamFuZ28uY29udHJpYi5hdXRoLmJhY2tlbmRzLk1vZGVsQmFja2VuZCIsIl9hdXRoX3VzZXJfaWQiOjF9"}, "model": "sessions.session", "pk": "76uo375bj5vv2yi1fp715bitfvecw1bg"}, {"fields": {"name": "\u5de5\u7a0b\u90e8"}, "model": "dept.department", "pk": 1}, {"fields": {"name": "sputter"}, "model": "dept.department", "pk": 2}, {"fields": {"name": "TEST"}, "model": "dept.department", "pk": 3}, {"fields": {"apply_reason": "bay4003 3.0 PM", "request_date": "2014-08-11T01:07:49.525Z", "apply_type": "Application\u9886\u7528", "material_type": "Spare Parts\u5907\u4ef6", "approver": "1,3,4", "employee": 2, "cost_center": "34E110"}, "model": "partsrequest.partsrequest", "pk": "A201404001023"}, {"fields": {"bin": "L5A201", "remark": "", "usage_by_once": null, "description": "Gasket Retainer Ass", "over_plan_usage": null, "request": "A201404001023", "qty": 10, "balance": "100", "pn": "110290", "actual_qty": null, "unit": "pcs"}, "model": "partsrequest.requestdetail", "pk": 1}, {"fields": {"bin": "E5B401", "remark": "", "usage_by_once": null, "description": "Gasket Retainer Ass", "over_plan_usage": null, "request": "A201404001023", "qty": 5, "balance": "50", "pn": "110291", "actual_qty": null, "unit": "pcs"}, "model": "partsrequest.requestdetail", "pk": 2}, {"fields": {"supervisor": 4, "engineer_ack_status": null, "manager": 4, "remark_engineer": null, "remark_approved": "", "state": 2, "parts": "Gasket Retainer Ass", "status_before_recycle": "NG", "employee": 2, "request_no": "A201404001023", "pn": "110290", "engineer_approve_date": null, "remark_repairer": null, "engineer_approver": null, "description": "\u56de\u6536\u6b64\u5907\u4ef6", "tool": "Bay1003", "approver": 4, "store_in_num": null, "status_after_repaired": null, "repaireable": null, "store_in_date": null, "repair_date": null, "shift": "A", "confirm_result": "\u9700\u56de\u6536", "sn": "001", "approve_date": "2014-08-11", "repairer": null, "stn": "LL", "return_date": "2014-08-11"}, "model": "partsrecycle.partsrecycle", "pk": 1}, {"fields": {"supervisor": 4, "engineer_ack_status": null, "manager": 4, "remark_engineer": null, "remark_approved": null, "state": 0, "parts": "Gasket Retainer Ass", "status_before_recycle": "Unknow", "employee": 2, "request_no": "A201404001023", "pn": "110290", "engineer_approve_date": null, "remark_repairer": null, "engineer_approver": null, "description": "Unknow, \u9700\u8981\u9000\u56de\u68c0\u67e5", "tool": "Bay1003", "approver": null, "store_in_num": null, "status_after_repaired": null, "repaireable": null, "store_in_date": null, "repair_date": null, "shift": "A", "confirm_result": null, "sn": "002", "approve_date": null, "repairer": null, "stn": "LL", "return_date": "2014-08-11"}, "model": "partsrecycle.partsrecycle", "pk": 2}, {"fields": {"supervisor": 4, "engineer_ack_status": null, "manager": 4, "remark_engineer": null, "remark_approved": null, "state": 1, "parts": "Gasket Retainer Ass", "status_before_recycle": "NG", "employee": 2, "request_no": "A201404001023", "pn": "110290", "engineer_approve_date": null, "remark_repairer": null, "engineer_approver": null, "description": "", "tool": "Bay1003", "approver": null, "store_in_num": null, "status_after_repaired": null, "repaireable": null, "store_in_date": null, "repair_date": null, "shift": "B", "confirm_result": null, "sn": "003", "approve_date": null, "repairer": null, "stn": "LL", "return_date": "2014-08-11"}, "model": "partsrecycle.partsrecycle", "pk": 3}, {"fields": {"supervisor": 4, "engineer_ack_status": null, "manager": 4, "remark_engineer": null, "remark_approved": null, "state": 1, "parts": "Gasket Retainer Ass", "status_before_recycle": "NG", "employee": 2, "request_no": "A201404001023", "pn": "110290", "engineer_approve_date": null, "remark_repairer": null, "engineer_approver": null, "description": "", "tool": "Bay1003", "approver": null, "store_in_num": null, "status_after_repaired": null, "repaireable": null, "store_in_date": null, "repair_date": null, "shift": "C", "confirm_result": null, "sn": "004", "approve_date": null, "repairer": null, "stn": "LL", "return_date": "2014-08-11"}, "model": "partsrecycle.partsrecycle", "pk": 4}, {"fields": {"supervisor": 4, "engineer_ack_status": null, "manager": 4, "remark_engineer": null, "remark_approved": null, "state": 0, "parts": "Gasket Retainer Ass", "status_before_recycle": "NG", "employee": 2, "request_no": "A201404001023", "pn": "110290", "engineer_approve_date": null, "remark_repairer": null, "engineer_approver": null, "description": "", "tool": "Bay1003", "approver": null, "store_in_num": null, "status_after_repaired": null, "repaireable": null, "store_in_date": null, "repair_date": null, "shift": "B", "confirm_result": null, "sn": "005", "approve_date": null, "repairer": null, "stn": "LL", "return_date": "2014-08-11"}, "model": "partsrecycle.partsrecycle", "pk": 5}, {"fields": {"supervisor": 4, "engineer_ack_status": null, "manager": 4, "remark_engineer": null, "remark_approved": null, "state": 0, "parts": "Gasket Retainer Ass", "status_before_recycle": "Good", "employee": 2, "request_no": "A201404001023", "pn": "110290", "engineer_approve_date": null, "remark_repairer": null, "engineer_approver": null, "description": "", "tool": "Bay1003", "approver": null, "store_in_num": null, "status_after_repaired": null, "repaireable": null, "store_in_date": null, "repair_date": null, "shift": "B", "confirm_result": null, "sn": "006", "approve_date": null, "repairer": null, "stn": "LL", "return_date": "2014-08-11"}, "model": "partsrecycle.partsrecycle", "pk": 6}, {"fields": {"supervisor": 4, "engineer_ack_status": null, "manager": 4, "remark_engineer": null, "remark_approved": null, "state": 1, "parts": "Gasket Retainer Ass", "status_before_recycle": "NG", "employee": 2, "request_no": "A201404001023", "pn": "110290", "engineer_approve_date": null, "remark_repairer": null, "engineer_approver": null, "description": "", "tool": "Bay1003", "approver": null, "store_in_num": null, "status_after_repaired": null, "repaireable": null, "store_in_date": null, "repair_date": null, "shift": "B", "confirm_result": null, "sn": "007", "approve_date": null, "repairer": null, "stn": "LL", "return_date": "2014-08-11"}, "model": "partsrecycle.partsrecycle", "pk": 7}, {"fields": {"supervisor": 2, "engineer_ack_status": "Repaied", "manager": 4, "remark_engineer": "", "remark_approved": "comment", "state": 4, "parts": "Gasket Retainer Ass", "status_before_recycle": "NG", "employee": 2, "request_no": "A201404001023", "pn": "110290", "engineer_approve_date": "2014-08-26", "remark_repairer": "", "engineer_approver": 5, "description": "", "tool": "Bay1003", "approver": 5, "store_in_num": "3242343242", "status_after_repaired": "Repaied", "repaireable": true, "store_in_date": "2014-08-26", "repair_date": "2014-08-26", "shift": "B", "confirm_result": "OK", "sn": "008", "approve_date": "2014-08-26", "repairer": 4, "stn": "LL", "return_date": "2014-08-11"}, "model": "partsrecycle.partsrecycle", "pk": 8}, {"fields": {"supervisor": 4, "engineer_ack_status": "Repaied", "manager": 4, "remark_engineer": "", "remark_approved": "", "state": 4, "parts": "Gasket Retainer Ass", "status_before_recycle": "NG", "employee": 2, "request_no": "A201404001023", "pn": "110290", "engineer_approve_date": "2014-08-13", "remark_repairer": "", "engineer_approver": 3, "description": "", "tool": "Bay1003", "approver": 4, "store_in_num": "", "status_after_repaired": "Repaied", "repaireable": true, "store_in_date": "2014-08-13", "repair_date": "2014-08-13", "shift": "B", "confirm_result": "\u9700\u56de\u6536", "sn": "009", "approve_date": "2014-08-13", "repairer": 3, "stn": "LL", "return_date": "2014-08-13"}, "model": "partsrecycle.partsrecycle", "pk": 9}, {"fields": {"codename": "add_bookmark", "name": "Can add bookmark", "content_type": 1}, "model": "auth.permission", "pk": 1}, {"fields": {"codename": "change_bookmark", "name": "Can change bookmark", "content_type": 1}, "model": "auth.permission", "pk": 2}, {"fields": {"codename": "delete_bookmark", "name": "Can delete bookmark", "content_type": 1}, "model": "auth.permission", "pk": 3}, {"fields": {"codename": "add_dashboardpreferences", "name": "Can add dashboard preferences", "content_type": 2}, "model": "auth.permission", "pk": 4}, {"fields": {"codename": "change_dashboardpreferences", "name": "Can change dashboard preferences", "content_type": 2}, "model": "auth.permission", "pk": 5}, {"fields": {"codename": "delete_dashboardpreferences", "name": "Can delete dashboard preferences", "content_type": 2}, "model": "auth.permission", "pk": 6}, {"fields": {"codename": "add_logentry", "name": "Can add log entry", "content_type": 3}, "model": "auth.permission", "pk": 7}, {"fields": {"codename": "change_logentry", "name": "Can change log entry", "content_type": 3}, "model": "auth.permission", "pk": 8}, {"fields": {"codename": "delete_logentry", "name": "Can delete log entry", "content_type": 3}, "model": "auth.permission", "pk": 9}, {"fields": {"codename": "add_permission", "name": "Can add permission", "content_type": 4}, "model": "auth.permission", "pk": 10}, {"fields": {"codename": "change_permission", "name": "Can change permission", "content_type": 4}, "model": "auth.permission", "pk": 11}, {"fields": {"codename": "delete_permission", "name": "Can delete permission", "content_type": 4}, "model": "auth.permission", "pk": 12}, {"fields": {"codename": "add_group", "name": "Can add group", "content_type": 5}, "model": "auth.permission", "pk": 13}, {"fields": {"codename": "change_group", "name": "Can change group", "content_type": 5}, "model": "auth.permission", "pk": 14}, {"fields": {"codename": "delete_group", "name": "Can delete group", "content_type": 5}, "model": "auth.permission", "pk": 15}, {"fields": {"codename": "add_user", "name": "Can add user", "content_type": 6}, "model": "auth.permission", "pk": 16}, {"fields": {"codename": "change_user", "name": "Can change user", "content_type": 6}, "model": "auth.permission", "pk": 17}, {"fields": {"codename": "delete_user", "name": "Can delete user", "content_type": 6}, "model": "auth.permission", "pk": 18}, {"fields": {"codename": "add_contenttype", "name": "Can add content type", "content_type": 7}, "model": "auth.permission", "pk": 19}, {"fields": {"codename": "change_contenttype", "name": "Can change content type", "content_type": 7}, "model": "auth.permission", "pk": 20}, {"fields": {"codename": "delete_contenttype", "name": "Can delete content type", "content_type": 7}, "model": "auth.permission", "pk": 21}, {"fields": {"codename": "add_session", "name": "Can add session", "content_type": 8}, "model": "auth.permission", "pk": 22}, {"fields": {"codename": "change_session", "name": "Can change session", "content_type": 8}, "model": "auth.permission", "pk": 23}, {"fields": {"codename": "delete_session", "name": "Can delete session", "content_type": 8}, "model": "auth.permission", "pk": 24}, {"fields": {"codename": "add_department", "name": "Can add department", "content_type": 9}, "model": "auth.permission", "pk": 25}, {"fields": {"codename": "change_department", "name": "Can change department", "content_type": 9}, "model": "auth.permission", "pk": 26}, {"fields": {"codename": "delete_department", "name": "Can delete department", "content_type": 9}, "model": "auth.permission", "pk": 27}, {"fields": {"codename": "add_employee", "name": "Can add employee", "content_type": 10}, "model": "auth.permission", "pk": 28}, {"fields": {"codename": "change_employee", "name": "Can change employee", "content_type": 10}, "model": "auth.permission", "pk": 29}, {"fields": {"codename": "delete_employee", "name": "Can delete employee", "content_type": 10}, "model": "auth.permission", "pk": 30}, {"fields": {"codename": "add_partsrequest", "name": "Can add General Parts Request", "content_type": 11}, "model": "auth.permission", "pk": 31}, {"fields": {"codename": "change_partsrequest", "name": "Can change General Parts Request", "content_type": 11}, "model": "auth.permission", "pk": 32}, {"fields": {"codename": "delete_partsrequest", "name": "Can delete General Parts Request", "content_type": 11}, "model": "auth.permission", "pk": 33}, {"fields": {"codename": "add_requestdetail", "name": "Can add request detail", "content_type": 12}, "model": "auth.permission", "pk": 34}, {"fields": {"codename": "change_requestdetail", "name": "Can change request detail", "content_type": 12}, "model": "auth.permission", "pk": 35}, {"fields": {"codename": "delete_requestdetail", "name": "Can delete request detail", "content_type": 12}, "model": "auth.permission", "pk": 36}, {"fields": {"codename": "add_partsrecycle", "name": "Can add Parts Recycle", "content_type": 13}, "model": "auth.permission", "pk": 37}, {"fields": {"codename": "change_partsrecycle", "name": "Can change Parts Recycle", "content_type": 13}, "model": "auth.permission", "pk": 38}, {"fields": {"codename": "delete_partsrecycle", "name": "Can delete Parts Recycle", "content_type": 13}, "model": "auth.permission", "pk": 39}, {"fields": {"codename": "can_approve", "name": "Can approve", "content_type": 13}, "model": "auth.permission", "pk": 40}, {"fields": {"codename": "can_engineer_approve", "name": "Engineer approve", "content_type": 13}, "model": "auth.permission", "pk": 41}, {"fields": {"codename": "can_repair", "name": "Can repair", "content_type": 13}, "model": "auth.permission", "pk": 42}, {"fields": {"username": "admin", "first_name": "", "last_name": "", "is_active": true, "is_superuser": true, "is_staff": true, "last_login": "2014-08-05T13:12:51.942Z", "groups": [], "user_permissions": [], "password": "pbkdf2_sha256$12000$aCgIrfl4c1u6$20phe+8fGZ7ZnjaBLxArikxD4MOvEEOrWPc4wWevNjA=", "email": "junchang.chen@hgst.com", "date_joined": "2014-05-20T13:17:34.779Z"}, "model": "auth.user", "pk": 1}, {"fields": {"username": "mi.yang", "first_name": "\u5e42", "last_name": "\u6768", "is_active": true, "is_superuser": false, "is_staff": true, "last_login": "2014-08-07T17:05:05Z", "groups": [], "user_permissions": [37, 38, 39], "password": "pbkdf2_sha256$12000$WzyUNtGtgTw4$eseZXRpArLOGeB8f+uaZ+u61NK4JIuglMNMw1wbrq5o=", "email": "", "date_joined": "2014-08-07T17:05:05Z"}, "model": "auth.user", "pk": 2}, {"fields": {"username": "supervisor.wang", "first_name": "\u4e3b", "last_name": "\u738b", "is_active": true, "is_superuser": false, "is_staff": true, "last_login": "2014-08-07T17:07:11Z", "groups": [], "user_permissions": [40, 38], "password": "pbkdf2_sha256$12000$uaYxmXdre0Uo$J5tWbc2LCnioyz9VfH3LheYkkMj5yl6rwaDp0XVrLi0=", "email": "", "date_joined": "2014-08-07T17:07:11Z"}, "model": "auth.user", "pk": 3}, {"fields": {"username": "engineer.zhang", "first_name": "\u5f20", "last_name": "\u5de5", "is_active": true, "is_superuser": false, "is_staff": true, "last_login": "2014-08-07T17:08:40Z", "groups": [], "user_permissions": [41, 38], "password": "pbkdf2_sha256$12000$qzzaQokHR5J7$slA4BaHw2cBntlrVkKK8ccKPRyrSG/i1TUg3hY2DIYg=", "email": "", "date_joined": "2014-08-07T17:08:40Z"}, "model": "auth.user", "pk": 4}, {"fields": {"username": "shi.li", "first_name": "\u5e08", "last_name": "\u674e", "is_active": true, "is_superuser": false, "is_staff": true, "last_login": "2014-08-07T17:09:53Z", "groups": [], "user_permissions": [42, 38], "password": "pbkdf2_sha256$12000$fTqJmRDlokRu$Y0zKM8hGHAFTivNtaK8wfpQ4tNjuHf0TppD85bj4E9w=", "email": "", "date_joined": "2014-08-07T17:09:53Z"}, "model": "auth.user", "pk": 5}, {"fields": {"username": "bohu.tang", "first_name": "\u4f2f\u864e", "last_name": "\u5510", "is_active": true, "is_superuser": false, "is_staff": true, "last_login": "2014-08-26T03:28:57Z", "groups": [], "user_permissions": [31, 34], "password": "pbkdf2_sha256$12000$ikKu60krTXWC$1QJIdRl7f+msfAVKxaaZkN+URmgreHq2YZ5JhG16bjY=", "email": "", "date_joined": "2014-08-26T03:28:57Z"}, "model": "auth.user", "pk": 6}, {"fields": {"username": "test", "first_name": "", "last_name": "", "is_active": true, "is_superuser": false, "is_staff": false, "last_login": "2014-08-26T05:54:57.799Z", "groups": [], "user_permissions": [], "password": "pbkdf2_sha256$12000$ctVejzVv78gk$mfEpNEEedA87hh146E7yDQzj2xExU7rW2mGGlnG0toM=", "email": "", "date_joined": "2014-08-26T05:54:57.799Z"}, "model": "auth.user", "pk": 7}, {"fields": {"department": 1, "num": "10010", "user": 4, "leader": null}, "model": "dept.employee", "pk": 1}, {"fields": {"department": 2, "num": "10020", "user": 2, "leader": null}, "model": "dept.employee", "pk": 2}, {"fields": {"department": 2, "num": "10030", "user": 5, "leader": null}, "model": "dept.employee", "pk": 3}, {"fields": {"department": 1, "num": "10011", "user": 3, "leader": null}, "model": "dept.employee", "pk": 4}, {"fields": {"department": 2, "num": "9527", "user": 6, "leader": 2}, "model": "dept.employee", "pk": 5}, {"fields": {"department": 3, "num": "9888", "user": 7, "leader": 3}, "model": "dept.employee", "pk": 6}, {"fields": {"action_flag": 1, "action_time": "2014-08-11T01:04:24.263Z", "object_repr": "\u5de5\u7a0b\u90e8", "object_id": "1", "change_message": "", "user": 1, "content_type": 9}, "model": "admin.logentry", "pk": 1}, {"fields": {"action_flag": 1, "action_time": "2014-08-11T01:04:28.276Z", "object_repr": "sputter", "object_id": "2", "change_message": "", "user": 1, "content_type": 9}, "model": "admin.logentry", "pk": 2}, {"fields": {"action_flag": 1, "action_time": "2014-08-11T01:04:32.134Z", "object_repr": "TEST", "object_id": "3", "change_message": "", "user": 1, "content_type": 9}, "model": "admin.logentry", "pk": 3}, {"fields": {"action_flag": 2, "action_time": "2014-08-11T01:05:56.437Z", "object_repr": "engineer.zhang", "object_id": "4", "change_message": "\u5df2\u6dfb\u52a0 \u7528\u6237 \"engineer.zhang\".", "user": 1, "content_type": 6}, "model": "admin.logentry", "pk": 4}, {"fields": {"action_flag": 2, "action_time": "2014-08-11T01:06:08.960Z", "object_repr": "mi.yang", "object_id": "2", "change_message": "\u5df2\u6dfb\u52a0 \u7528\u6237 \"mi.yang\".", "user": 1, "content_type": 6}, "model": "admin.logentry", "pk": 5}, {"fields": {"action_flag": 2, "action_time": "2014-08-11T01:06:27.459Z", "object_repr": "shi.li", "object_id": "5", "change_message": "\u5df2\u6dfb\u52a0 \u7528\u6237 \"shi.li\".", "user": 1, "content_type": 6}, "model": "admin.logentry", "pk": 6}, {"fields": {"action_flag": 2, "action_time": "2014-08-11T01:06:40.007Z", "object_repr": "supervisor.wang", "object_id": "3", "change_message": "\u5df2\u6dfb\u52a0 \u7528\u6237 \"supervisor.wang\".", "user": 1, "content_type": 6}, "model": "admin.logentry", "pk": 7}, {"fields": {"action_flag": 1, "action_time": "2014-08-11T01:07:49.527Z", "object_repr": "A201404001023", "object_id": "A201404001023", "change_message": "", "user": 1, "content_type": 11}, "model": "admin.logentry", "pk": 8}, {"fields": {"action_flag": 1, "action_time": "2014-08-11T02:27:47.425Z", "object_repr": "Gasket Retainer Ass 001", "object_id": "1", "change_message": "", "user": 1, "content_type": 13}, "model": "admin.logentry", "pk": 9}, {"fields": {"action_flag": 2, "action_time": "2014-08-11T02:28:05.933Z", "object_repr": "Gasket Retainer Ass 001", "object_id": "1", "change_message": "\u6ca1\u6709\u5b57\u6bb5\u88ab\u4fee\u6539\u3002", "user": 1, "content_type": 13}, "model": "admin.logentry", "pk": 10}, {"fields": {"action_flag": 2, "action_time": "2014-08-11T02:29:37.138Z", "object_repr": "Gasket Retainer Ass 001", "object_id": "1", "change_message": "\u6ca1\u6709\u5b57\u6bb5\u88ab\u4fee\u6539\u3002", "user": 1, "content_type": 13}, "model": "admin.logentry", "pk": 11}, {"fields": {"action_flag": 2, "action_time": "2014-08-11T02:32:32.994Z", "object_repr": "Gasket Retainer Ass 001", "object_id": "1", "change_message": "\u6ca1\u6709\u5b57\u6bb5\u88ab\u4fee\u6539\u3002", "user": 1, "content_type": 13}, "model": "admin.logentry", "pk": 12}, {"fields": {"action_flag": 2, "action_time": "2014-08-11T02:32:56.168Z", "object_repr": "Gasket Retainer Ass 001", "object_id": "1", "change_message": "\u6ca1\u6709\u5b57\u6bb5\u88ab\u4fee\u6539\u3002", "user": 1, "content_type": 13}, "model": "admin.logentry", "pk": 13}, {"fields": {"action_flag": 2, "action_time": "2014-08-11T02:33:14.728Z", "object_repr": "Gasket Retainer Ass 001", "object_id": "1", "change_message": "\u6ca1\u6709\u5b57\u6bb5\u88ab\u4fee\u6539\u3002", "user": 1, "content_type": 13}, "model": "admin.logentry", "pk": 14}, {"fields": {"action_flag": 2, "action_time": "2014-08-11T02:33:14.729Z", "object_repr": "Gasket Retainer Ass 001", "object_id": "1", "change_message": "Changed state from 0 to 1", "user": 1, "content_type": 13}, "model": "admin.logentry", "pk": 15}, {"fields": {"action_flag": 2, "action_time": "2014-08-11T02:34:50.067Z", "object_repr": "Gasket Retainer Ass 001", "object_id": "1", "change_message": "\u5df2\u4fee\u6539 approver\uff0capprove_date \u548c confirm_result \u3002", "user": 1, "content_type": 13}, "model": "admin.logentry", "pk": 16}, {"fields": {"action_flag": 1, "action_time": "2014-08-11T06:27:25.296Z", "object_repr": "Gasket Retainer Ass 002", "object_id": "2", "change_message": "", "user": 1, "content_type": 13}, "model": "admin.logentry", "pk": 17}, {"fields": {"action_flag": 1, "action_time": "2014-08-11T06:39:24.590Z", "object_repr": "Gasket Retainer Ass 003", "object_id": "3", "change_message": "", "user": 1, "content_type": 13}, "model": "admin.logentry", "pk": 18}, {"fields": {"action_flag": 1, "action_time": "2014-08-11T06:48:49.186Z", "object_repr": "Gasket Retainer Ass 004", "object_id": "4", "change_message": "", "user": 1, "content_type": 13}, "model": "admin.logentry", "pk": 19}, {"fields": {"action_flag": 2, "action_time": "2014-08-11T06:49:52.671Z", "object_repr": "Gasket Retainer Ass 004", "object_id": "4", "change_message": "\u6ca1\u6709\u5b57\u6bb5\u88ab\u4fee\u6539\u3002", "user": 1, "content_type": 13}, "model": "admin.logentry", "pk": 20}, {"fields": {"action_flag": 2, "action_time": "2014-08-11T06:49:52.672Z", "object_repr": "Gasket Retainer Ass 004", "object_id": "4", "change_message": "Changed state from 0 to 1", "user": 1, "content_type": 13}, "model": "admin.logentry", "pk": 21}, {"fields": {"action_flag": 2, "action_time": "2014-08-11T06:50:35.861Z", "object_repr": "Gasket Retainer Ass 001", "object_id": "1", "change_message": "\u6ca1\u6709\u5b57\u6bb5\u88ab\u4fee\u6539\u3002", "user": 1, "content_type": 13}, "model": "admin.logentry", "pk": 22}, {"fields": {"action_flag": 2, "action_time": "2014-08-11T06:54:50.352Z", "object_repr": "Gasket Retainer Ass 001", "object_id": "1", "change_message": "\u6ca1\u6709\u5b57\u6bb5\u88ab\u4fee\u6539\u3002", "user": 1, "content_type": 13}, "model": "admin.logentry", "pk": 23}, {"fields": {"action_flag": 2, "action_time": "2014-08-11T06:54:50.354Z", "object_repr": "Gasket Retainer Ass 001", "object_id": "1", "change_message": "Changed state from 1 to 2", "user": 1, "content_type": 13}, "model": "admin.logentry", "pk": 24}, {"fields": {"action_flag": 2, "action_time": "2014-08-11T07:15:25.475Z", "object_repr": "Gasket Retainer Ass 003", "object_id": "3", "change_message": "\u6ca1\u6709\u5b57\u6bb5\u88ab\u4fee\u6539\u3002", "user": 1, "content_type": 13}, "model": "admin.logentry", "pk": 25}, {"fields": {"action_flag": 2, "action_time": "2014-08-11T07:15:25.477Z", "object_repr": "Gasket Retainer Ass 003", "object_id": "3", "change_message": "Changed state from 0 to 1", "user": 1, "content_type": 13}, "model": "admin.logentry", "pk": 26}, {"fields": {"action_flag": 2, "action_time": "2014-08-11T07:15:36.742Z", "object_repr": "Gasket Retainer Ass 002", "object_id": "2", "change_message": "\u6ca1\u6709\u5b57\u6bb5\u88ab\u4fee\u6539\u3002", "user": 1, "content_type": 13}, "model": "admin.logentry", "pk": 27}, {"fields": {"action_flag": 1, "action_time": "2014-08-11T07:17:06.063Z", "object_repr": "Gasket Retainer Ass 005", "object_id": "5", "change_message": "", "user": 1, "content_type": 13}, "model": "admin.logentry", "pk": 28}, {"fields": {"action_flag": 2, "action_time": "2014-08-11T07:17:15.211Z", "object_repr": "Gasket Retainer Ass 002", "object_id": "2", "change_message": "\u6ca1\u6709\u5b57\u6bb5\u88ab\u4fee\u6539\u3002", "user": 1, "content_type": 13}, "model": "admin.logentry", "pk": 29}, {"fields": {"action_flag": 1, "action_time": "2014-08-11T07:18:00.204Z", "object_repr": "Gasket Retainer Ass 006", "object_id": "6", "change_message": "", "user": 1, "content_type": 13}, "model": "admin.logentry", "pk": 30}, {"fields": {"action_flag": 1, "action_time": "2014-08-11T09:16:50.334Z", "object_repr": "Gasket Retainer Ass 007", "object_id": "7", "change_message": "", "user": 1, "content_type": 13}, "model": "admin.logentry", "pk": 31}, {"fields": {"action_flag": 1, "action_time": "2014-08-11T09:17:43.664Z", "object_repr": "Gasket Retainer Ass 008", "object_id": "8", "change_message": "", "user": 1, "content_type": 13}, "model": "admin.logentry", "pk": 32}, {"fields": {"action_flag": 2, "action_time": "2014-08-11T09:17:54.153Z", "object_repr": "Gasket Retainer Ass 008", "object_id": "8", "change_message": "\u6ca1\u6709\u5b57\u6bb5\u88ab\u4fee\u6539\u3002", "user": 1, "content_type": 13}, "model": "admin.logentry", "pk": 33}, {"fields": {"action_flag": 2, "action_time": "2014-08-11T09:18:00.192Z", "object_repr": "Gasket Retainer Ass 008", "object_id": "8", "change_message": "\u6ca1\u6709\u5b57\u6bb5\u88ab\u4fee\u6539\u3002", "user": 1, "content_type": 13}, "model": "admin.logentry", "pk": 34}, {"fields": {"action_flag": 1, "action_time": "2014-08-13T01:31:57.223Z", "object_repr": "Gasket Retainer Ass 009", "object_id": "9", "change_message": "", "user": 1, "content_type": 13}, "model": "admin.logentry", "pk": 35}, {"fields": {"action_flag": 2, "action_time": "2014-08-13T01:32:04.266Z", "object_repr": "Gasket Retainer Ass 009", "object_id": "9", "change_message": "\u6ca1\u6709\u5b57\u6bb5\u88ab\u4fee\u6539\u3002", "user": 1, "content_type": 13}, "model": "admin.logentry", "pk": 36}, {"fields": {"action_flag": 2, "action_time": "2014-08-13T08:39:38.533Z", "object_repr": "Gasket Retainer Ass 009", "object_id": "9", "change_message": "\u6ca1\u6709\u5b57\u6bb5\u88ab\u4fee\u6539\u3002", "user": 2, "content_type": 13}, "model": "admin.logentry", "pk": 37}, {"fields": {"action_flag": 2, "action_time": "2014-08-13T08:39:38.534Z", "object_repr": "Gasket Retainer Ass 009", "object_id": "9", "change_message": "Changed state from 0 to 1", "user": 2, "content_type": 13}, "model": "admin.logentry", "pk": 38}, {"fields": {"action_flag": 2, "action_time": "2014-08-13T08:40:43.656Z", "object_repr": "Gasket Retainer Ass 009", "object_id": "9", "change_message": "\u5df2\u4fee\u6539 approver\uff0capprove_date \u548c confirm_result \u3002", "user": 3, "content_type": 13}, "model": "admin.logentry", "pk": 39}, {"fields": {"action_flag": 2, "action_time": "2014-08-13T08:40:43.657Z", "object_repr": "Gasket Retainer Ass 009", "object_id": "9", "change_message": "Changed state from 1 to 2", "user": 3, "content_type": 13}, "model": "admin.logentry", "pk": 40}, {"fields": {"action_flag": 2, "action_time": "2014-08-13T08:42:23.192Z", "object_repr": "Gasket Retainer Ass 009", "object_id": "9", "change_message": "\u5df2\u4fee\u6539 engineer_approver\uff0cengineer_approve_date\uff0crepaireable \u548c engineer_ack_status \u3002", "user": 4, "content_type": 13}, "model": "admin.logentry", "pk": 41}, {"fields": {"action_flag": 2, "action_time": "2014-08-13T08:42:23.194Z", "object_repr": "Gasket Retainer Ass 009", "object_id": "9", "change_message": "Changed state from 2 to 3", "user": 4, "content_type": 13}, "model": "admin.logentry", "pk": 42}, {"fields": {"action_flag": 2, "action_time": "2014-08-13T08:43:05.060Z", "object_repr": "Gasket Retainer Ass 009", "object_id": "9", "change_message": "\u5df2\u4fee\u6539 repairer\uff0crepair_date\uff0cstatus_after_repaired \u548c store_in_date \u3002", "user": 5, "content_type": 13}, "model": "admin.logentry", "pk": 43}, {"fields": {"action_flag": 2, "action_time": "2014-08-13T08:43:05.062Z", "object_repr": "Gasket Retainer Ass 009", "object_id": "9", "change_message": "Changed state from 3 to 4", "user": 5, "content_type": 13}, "model": "admin.logentry", "pk": 44}, {"fields": {"action_flag": 1, "action_time": "2014-08-26T03:28:57.669Z", "object_repr": "bohu.tang", "object_id": "6", "change_message": "", "user": 1, "content_type": 6}, "model": "admin.logentry", "pk": 45}, {"fields": {"action_flag": 2, "action_time": "2014-08-26T03:29:26.714Z", "object_repr": "bohu.tang", "object_id": "6", "change_message": "\u5df2\u4fee\u6539 is_staff \u548c user_permissions \u3002", "user": 1, "content_type": 6}, "model": "admin.logentry", "pk": 46}, {"fields": {"action_flag": 2, "action_time": "2014-08-26T03:29:44.620Z", "object_repr": "bohu.tang", "object_id": "6", "change_message": "\u5df2\u4fee\u6539 first_name \u548c last_name \u3002", "user": 1, "content_type": 6}, "model": "admin.logentry", "pk": 47}, {"fields": {"action_flag": 1, "action_time": "2014-08-26T05:54:57.864Z", "object_repr": "test", "object_id": "7", "change_message": "", "user": 1, "content_type": 6}, "model": "admin.logentry", "pk": 48}, {"fields": {"action_flag": 2, "action_time": "2014-08-26T06:02:26.384Z", "object_repr": "Gasket Retainer Ass 008", "object_id": "8", "change_message": "\u6ca1\u6709\u5b57\u6bb5\u88ab\u4fee\u6539\u3002", "user": 1, "content_type": 13}, "model": "admin.logentry", "pk": 49}, {"fields": {"action_flag": 2, "action_time": "2014-08-26T06:02:26.385Z", "object_repr": "Gasket Retainer Ass 008", "object_id": "8", "change_message": "Changed state from 0 to 1", "user": 1, "content_type": 13}, "model": "admin.logentry", "pk": 50}, {"fields": {"action_flag": 2, "action_time": "2014-08-26T06:03:58.078Z", "object_repr": "Gasket Retainer Ass 008", "object_id": "8", "change_message": "\u5df2\u4fee\u6539 approver\uff0capprove_date\uff0cconfirm_result \u548c remark_approved \u3002", "user": 1, "content_type": 13}, "model": "admin.logentry", "pk": 51}, {"fields": {"action_flag": 2, "action_time": "2014-08-26T06:04:08.707Z", "object_repr": "Gasket Retainer Ass 008", "object_id": "8", "change_message": "\u6ca1\u6709\u5b57\u6bb5\u88ab\u4fee\u6539\u3002", "user": 1, "content_type": 13}, "model": "admin.logentry", "pk": 52}, {"fields": {"action_flag": 2, "action_time": "2014-08-26T06:04:08.708Z", "object_repr": "Gasket Retainer Ass 008", "object_id": "8", "change_message": "Changed state from 1 to 2", "user": 1, "content_type": 13}, "model": "admin.logentry", "pk": 53}, {"fields": {"action_flag": 2, "action_time": "2014-08-26T06:08:34.914Z", "object_repr": "Gasket Retainer Ass 008", "object_id": "8", "change_message": "\u5df2\u4fee\u6539 engineer_approver\uff0cengineer_approve_date\uff0crepaireable \u548c engineer_ack_status \u3002", "user": 1, "content_type": 13}, "model": "admin.logentry", "pk": 54}, {"fields": {"action_flag": 2, "action_time": "2014-08-26T06:08:34.915Z", "object_repr": "Gasket Retainer Ass 008", "object_id": "8", "change_message": "Changed state from 2 to 3", "user": 1, "content_type": 13}, "model": "admin.logentry", "pk": 55}, {"fields": {"action_flag": 2, "action_time": "2014-08-26T06:09:14.944Z", "object_repr": "Gasket Retainer Ass 008", "object_id": "8", "change_message": "\u5df2\u4fee\u6539 repairer\uff0crepair_date\uff0cstatus_after_repaired\uff0cstore_in_date \u548c store_in_num \u3002", "user": 1, "content_type": 13}, "model": "admin.logentry", "pk": 56}, {"fields": {"action_flag": 2, "action_time": "2014-08-26T06:09:14.946Z", "object_repr": "Gasket Retainer Ass 008", "object_id": "8", "change_message": "Changed state from 3 to 4", "user": 1, "content_type": 13}, "model": "admin.logentry", "pk": 57}, {"fields": {"action_flag": 2, "action_time": "2014-08-27T02:04:24.698Z", "object_repr": "A201404001023", "object_id": "A201404001023", "change_message": "\u5df2\u4fee\u6539 approver \u3002", "user": 1, "content_type": 11}, "model": "admin.logentry", "pk": 58}, {"fields": {"action_flag": 1, "action_time": "2014-08-27T08:07:55.517Z", "object_repr": "A201404001025", "object_id": "A201404001025", "change_message": "", "user": 1, "content_type": 11}, "model": "admin.logentry", "pk": 59}, {"fields": {"action_flag": 2, "action_time": "2014-08-28T02:07:45.621Z", "object_repr": "mi.yang", "object_id": "2", "change_message": "\u5df2\u4fee\u6539 user_permissions \u3002", "user": 1, "content_type": 6}, "model": "admin.logentry", "pk": 60}, {"fields": {"action_flag": 3, "action_time": "2014-08-28T08:03:38.235Z", "object_repr": "user", "object_id": "8", "change_message": "", "user": 1, "content_type": 6}, "model": "admin.logentry", "pk": 61}, {"fields": {"action_flag": 3, "action_time": "2014-08-28T08:03:38.380Z", "object_repr": "user2", "object_id": "9", "change_message": "", "user": 1, "content_type": 6}, "model": "admin.logentry", "pk": 62}, {"fields": {"action_flag": 2, "action_time": "2014-08-28T08:13:55.013Z", "object_repr": "mi.yang", "object_id": "2", "change_message": "\u5df2\u4fee\u6539 user_permissions \u3002", "user": 2, "content_type": 6}, "model": "admin.logentry", "pk": 63}, {"fields": {"action_flag": 3, "action_time": "2014-08-28T08:27:24.768Z", "object_repr": "A201404001025", "object_id": "A201404001025", "change_message": "", "user": 2, "content_type": 11}, "model": "admin.logentry", "pk": 64}, {"fields": {"action_flag": 2, "action_time": "2014-09-11T07:44:04.370Z", "object_repr": "Gasket Retainer Ass 007", "object_id": "7", "change_message": "\u5df2\u4fee\u6539 state \u3002", "user": 1, "content_type": 13}, "model": "admin.logentry", "pk": 65}, {"fields": {"dashboard_id": "dashboard", "data": "{\"positions\":[\"module_2\",\"module_3\",\"module_1\",\"module_4\"],\"columns\":[2,2],\"disabled\":{},\"collapsed\":{}}", "user": 1}, "model": "dashboard.dashboardpreferences", "pk": 1}, {"fields": {"dashboard_id": "partsrequest-dashboard", "data": "{}", "user": 1}, "model": "dashboard.dashboardpreferences", "pk": 2}, {"fields": {"dashboard_id": "partsrecycle-dashboard", "data": "{}", "user": 1}, "model": "dashboard.dashboardpreferences", "pk": 3}, {"fields": {"dashboard_id": "dashboard", "data": "{}", "user": 2}, "model": "dashboard.dashboardpreferences", "pk": 4}, {"fields": {"dashboard_id": "dashboard", "data": "{}", "user": 3}, "model": "dashboard.dashboardpreferences", "pk": 5}, {"fields": {"dashboard_id": "partsrecycle-dashboard", "data": "{}", "user": 3}, "model": "dashboard.dashboardpreferences", "pk": 6}, {"fields": {"dashboard_id": "dashboard", "data": "{}", "user": 4}, "model": "dashboard.dashboardpreferences", "pk": 7}, {"fields": {"dashboard_id": "partsrecycle-dashboard", "data": "{}", "user": 4}, "model": "dashboard.dashboardpreferences", "pk": 8}, {"fields": {"dashboard_id": "dashboard", "data": "{}", "user": 5}, "model": "dashboard.dashboardpreferences", "pk": 9}, {"fields": {"dashboard_id": "partsrecycle-dashboard", "data": "{}", "user": 5}, "model": "dashboard.dashboardpreferences", "pk": 10}, {"fields": {"dashboard_id": "dept-dashboard", "data": "{}", "user": 1}, "model": "dashboard.dashboardpreferences", "pk": 11}, {"fields": {"dashboard_id": "auth-dashboard", "data": "{}", "user": 1}, "model": "dashboard.dashboardpreferences", "pk": 12}, {"fields": {"dashboard_id": "authentication-and-authorization-dashboard", "data": "{}", "user": 1}, "model": "dashboard.dashboardpreferences", "pk": 13}]